<?xml version="1.0" encoding="ISO-8859-1"?>
<metadata><idinfo><citation><citeinfo><origin>U.S. Geological Survey (USGS), EROS Data Center</origin><pubdate>1999</pubdate><title>National Elevation Dataset</title><edition>1</edition><geoform>raster digital data</geoform><pubinfo><pubplace>Sioux Falls, SD</pubplace><publish>U.S. Geological Survey</publish></pubinfo><onlink>http://gisdata.usgs.net/ned/</onlink></citeinfo></citation><descript><abstract>		The U.S. Geological Survey has developed a National Elevation Dataset (NED). 		The NED is a seamless mosaic of best-available elevation data. The 7.5-minute 		elevation data for the conterminous United States are the primary initial source 		data. In addition to the availability of complete 7.5-minute data, efficient 		processing methods were developed to filter production artifacts in the existing 		data, convert to the NAD83 datum, edge-match, and fill slivers of missing data 		at quadrangle seams. One of the effects of the NED processing steps is a 		much-improved base of elevation data for calculating slope and hydrologic 		derivatives. The specifications for the NED 1 arc second and 1/3 arc second data 		are: 		Geographic coordinate system		Horizontal datum of NAD83, except for AK which is NAD27 		Vertical datum of NAVD88, except for AK which is NAVD29 		Z units of meters</abstract><purpose>Geospatial elevation data are utilized by the scientific and resourcemanagement communities for global change research, hydrologic modeling,resource monitoring, mapping, and visualization applications.</purpose>      QUADNAME: naugatuck_CT      RESOLUTION: 30      ULLAT: 41.5      ULLON: -73.12439728      LRLAT: 41.375      LRLON: -72.99939728      HDATUM: 27      ZMIN: 15.69699955      ZMAX: 281.69699097      ZMEAN: 146.47799683      ZSIGMA: 51.43870163      PMETHOD: 1      QUADDATE: 19981002      QUADNAME: mount_carmel_CT      RESOLUTION: 30      ULLAT: 41.5      ULLON: -72.99939728      LRLAT: 41.375      LRLON: -72.87439728      HDATUM: 27      ZMIN: 0      ZMAX: 274.70001221      ZMEAN: 118.58799744      ZSIGMA: 64.77590179      PMETHOD: 1      QUADDATE: 19981002      QUADNAME: wallingford_CT      RESOLUTION: 30      ULLAT: 41.5      ULLON: -72.87439728      LRLAT: 41.375      LRLON: -72.74939728      HDATUM: 27      ZMIN: 0      ZMAX: 191.69200134      ZMEAN: 66.97769928      ZSIGMA: 39.3445015      PMETHOD: 1      QUADDATE: 19981002      QUADNAME: ansonia_CT      RESOLUTION: 30      ULLAT: 41.375      ULLON: -73.12439728      LRLAT: 41.25      LRLON: -72.99939728      HDATUM: 27      ZMIN: 0      ZMAX: 203.68200684      ZMEAN: 76.5428009      ZSIGMA: 41.35699844      PMETHOD: 1      QUADDATE: 19981002      QUADNAME: new_haven_CT      RESOLUTION: 30      ULLAT: 41.375      ULLON: -72.99939728      LRLAT: 41.25      LRLON: -72.87439728      HDATUM: 27      ZMIN: 0      ZMAX: 180.68099976      ZMEAN: 29.98340034      ZSIGMA: 29.7507      PMETHOD: 1      QUADDATE: 19981002      QUADNAME: branford_CT      RESOLUTION: 30      ULLAT: 41.375      ULLON: -72.87439728      LRLAT: 41.25      LRLON: -72.74939728      HDATUM: 27      ZMIN: -7.30999994      ZMAX: 148.69000244      ZMEAN: 32.15119934      ZSIGMA: 28.01469994      PMETHOD: 1      QUADDATE: 19981002      QUADNAME: milford_CT      RESOLUTION: 30      ULLAT: 41.25      ULLON: -73.12439728      LRLAT: 41.125      LRLON: -72.99939728      HDATUM: 27      ZMIN: 0      ZMAX: 79.66999817      ZMEAN: 6.11149979      ZSIGMA: 12.49919987      PMETHOD: 2      QUADDATE: 19981002      QUADNAME: woodmont_CT      RESOLUTION: 30      ULLAT: 41.25      ULLON: -72.99939728      LRLAT: 41.125      LRLON: -72.87439728      HDATUM: 27      ZMIN: 0      ZMAX: 44.6780014      ZMEAN: 0.221844      ZSIGMA: 3.10058999      PMETHOD: 2      QUADDATE: 19981002      QUADNAME: branford_oe_s_CT      RESOLUTION: 30      ULLAT: 41.25      ULLON: -72.87439728      LRLAT: 41.125      LRLON: -72.74939728      HDATUM: 27      ZMIN: 0      ZMAX: 10.68500042      ZMEAN: 0      ZSIGMA: 0.36182001      PMETHOD: 2      QUADDATE: 19981002</descript><timeperd><timeinfo><rngdates><begdate>19990201</begdate><enddate>Unknown</enddate></rngdates></timeinfo><current>publication date</current></timeperd><status><progress>In work</progress><update>As needed</update></status><spdom><bounding><westbc>-73.0</westbc><eastbc>-72.82</eastbc><northbc>41.41</northbc><southbc>41.2</southbc></bounding></spdom><keywords><theme><themekt>GCMD Parameter Keywords</themekt><themekey>EARTH SCIENCE</themekey><themekey>LAND SURFACE</themekey><themekey>TOPOGRAPHY</themekey><themekey>LANDFORMS</themekey><themekey>TERRAIN ELEVATION</themekey><themekey>1-DEGREE DEM</themekey><themekey>2-ARC-SECOND DEM</themekey><themekey>7.5-MINUTE DEM</themekey><themekey>CARTOGRAPHY</themekey><themekey>DEM</themekey><themekey>DIGITAL ELEVATION MODEL</themekey><themekey>DIGITAL MAPPING</themekey><themekey>EDC</themekey><themekey>EROS</themekey><themekey>GEODATA</themekey><themekey>GIS</themekey><themekey>MAPPING</themekey><themekey>RASTER</themekey><themekey>USGS</themekey></theme><place><placekt>GCMD Location Keywords</placekt><placekey>NORTH AMERICA</placekey><placekey>UNITED STATES</placekey><placekey>UNITED STATES OF AMERICA</placekey></place></keywords><accconst>None</accconst><useconst>None.  Acknowledgement of the originating agencies would be appreciatedin products derived from these data.</useconst></idinfo><spdoinfo><direct>Raster</direct></spdoinfo><distinfo><distrib><cntinfo><cntperp><cntper>Customer Services Representative</cntper><cntorg>EROS Data Center</cntorg></cntperp><cntaddr><addrtype>mailing and physical address</addrtype><address>U.S. Geological SurveyEROS Data Center</address><city>Sioux Falls</city><state>SD</state><postal>57198</postal><country>USA</country></cntaddr><cntvoice>605-594-6151</cntvoice><cntfax>605-594-6589</cntfax><cntemail>custserv@edcmail.cr.usgs.gov</cntemail></cntinfo></distrib><resdesc>National Elevation Dataset (NED)</resdesc><distliab>Although these data have been processed successfully on a computersystem at the U.S. Geological Survey, EROS Data Center, no warrantyexpressed or implied is made by either regarding the utility of thedata on any system, nor shall the act of distribution constitute anysuch warranty.  The USGS will warrant the delivery of this product incomputer-readable format and will offer appropriate adjustment ofcredit when the product is determined unreadable by correctly adjustedcomputer peripherals, or when the physical medium is delivered indamaged condition.  Requests for adjustments of credit must be madewithin 90 days from the date of this shipment from the ordering site.</distliab></distinfo><metainfo><metd>19990211</metd><metc><cntinfo><cntperp><cntper>Customer Services Representative</cntper><cntorg>EROS Data Center</cntorg></cntperp><cntaddr><addrtype>mailing and physical address</addrtype><address>U.S. Geological SurveyEROS Data Center</address><city>Sioux Falls</city><state>SD</state><postal>57198</postal><country>USA</country></cntaddr><cntvoice>605-594-6151</cntvoice><cntfax>605-594-6589</cntfax><cntemail>custserv@edcmail.cr.usgs.gov</cntemail></cntinfo></metc><metstdn>FGDC Content Standards for Digital Geospatial Metadata</metstdn><metstdv>FGDC-STD-001-1998</metstdv></metainfo><distInfo><distributor><distorTran><onLineSrc><linkage Sync="TRUE">file://\\MAP11\C$\2007_GIS_Workshops\04-Raster_The_Other_GIS_Data\04-Raster_The_Other_GIS_Data\Data\Raster\Metadata</linkage><protocol Sync="TRUE">Local Area Network</protocol></onLineSrc></distorTran></distributor></distInfo><dataqual><lineage><procstep><procdesc Sync="TRUE">Dataset moved.</procdesc><srcused Sync="TRUE">C:\DATA\WORK\9.1 Workshops\08_Using_Raster_Data\Base\Using_Raster_Data\Data\Raster\NED_91749882\Metadata</srcused><date Sync="TRUE">20071002</date><time Sync="TRUE">09202200</time></procstep><procstep><procdesc Sync="TRUE">Dataset copied.</procdesc><srcused Sync="TRUE">C:\2007_GIS_Workshops\04-Raster_The_Other_GIS_Data\Copy04-Raster_The_Other_GIS_Data\Data\Raster\Metadata</srcused><date Sync="TRUE">20071003</date><time Sync="TRUE">08311800</time></procstep></lineage></dataqual><Esri><MetaID>{79B8123D-68B9-447A-8306-0D34899009F2}</MetaID><CreaDate>20071003</CreaDate><CreaTime>08311800</CreaTime><SyncOnce>TRUE</SyncOnce></Esri></metadata>
