<?xml version="1.0"?>
<!--<!DOCTYPE metadata SYSTEM "http://www.esri.com/metadata/esriprof80.dtd">-->
<metadata xml:lang="en"><Esri><MetaID>{046390F5-3220-4323-BD74-D3E710BEDFAB}</MetaID><CreaDate>20071003</CreaDate><CreaTime>10015000</CreaTime><SyncOnce>TRUE</SyncOnce><DataProperties><lineage><Process Name="Aspect_4" ToolSource="C:\Program Files\ArcGIS\ArcToolbox\Toolboxes\3D Analyst Tools.tbx\Aspect" Date="20071003" Time="100151">Aspect Surfaces\ned_91749882 C:\2007_GIS_Workshops\04-Raster_The_Other_GIS_Data\04-Raster_The_Other_GIS_Data\Data\Raster\aspect</Process></lineage></DataProperties></Esri></metadata>
