<?xml version="1.0"?>
<!--<!DOCTYPE metadata SYSTEM "http://www.esri.com/metadata/esriprof80.dtd">-->
<metadata xml:lang="en"><Esri><CreaDate>20071003</CreaDate><CreaTime>08314500</CreaTime><SyncOnce>TRUE</SyncOnce><MetaID>{BC902C1A-9DCA-4BB4-8ECE-4200E5DF2E0D}</MetaID></Esri><idinfo><citation><citeinfo><onlink Sync="TRUE">\\MAP11\C$\2007_GIS_Workshops\04-Raster_The_Other_GIS_Data\04-Raster_The_Other_GIS_Data\Data\Shapefile\New_Haven_Schools_with_SF1</onlink></citeinfo></citation></idinfo><distInfo><distributor><distorTran><onLineSrc><linkage Sync="TRUE">file://\\MAP11\C$\2007_GIS_Workshops\04-Raster_The_Other_GIS_Data\04-Raster_The_Other_GIS_Data\Data\Shapefile\New_Haven_Schools_with_SF1</linkage><protocol Sync="TRUE">Local Area Network</protocol></onLineSrc></distorTran></distributor></distInfo><dataqual><lineage><procstep><procdesc Sync="TRUE">Dataset copied.</procdesc><srcused Sync="TRUE">C:\DATA\WORK\9.1 Workshops\08_Using_Raster_Data\Base\Using_Raster_Data\Data\Shapefile\New_Haven_Schools_with_SF1</srcused><date Sync="TRUE">20071002</date><time Sync="TRUE">09210400</time></procstep><procstep><procdesc Sync="TRUE">Dataset copied.</procdesc><srcused Sync="TRUE">C:\2007_GIS_Workshops\04-Raster_The_Other_GIS_Data\Copy04-Raster_The_Other_GIS_Data\Data\Shapefile\New_Haven_Schools_with_SF1</srcused><date Sync="TRUE">20071003</date><time Sync="TRUE">08314500</time></procstep></lineage></dataqual></metadata>
