<?xml version="1.0"?>
<!--<!DOCTYPE metadata SYSTEM "http://www.esri.com/metadata/esriprof80.dtd">-->
<metadata xml:lang="en"><Esri><CreaDate>20071003</CreaDate><CreaTime>08314500</CreaTime><SyncOnce>TRUE</SyncOnce><MetaID>{1B6439B2-87DA-4764-A21C-36FB93277CD0}</MetaID></Esri><idinfo><citation><citeinfo><onlink Sync="TRUE">\\MAP11\C$\2007_GIS_Workshops\04-Raster_The_Other_GIS_Data\04-Raster_The_Other_GIS_Data\Data\Shapefile\Study_Area_polygon</onlink></citeinfo></citation></idinfo><distInfo><distributor><distorTran><onLineSrc><linkage Sync="TRUE">file://\\MAP11\C$\2007_GIS_Workshops\04-Raster_The_Other_GIS_Data\04-Raster_The_Other_GIS_Data\Data\Shapefile\Study_Area_polygon</linkage><protocol Sync="TRUE">Local Area Network</protocol></onLineSrc></distorTran></distributor></distInfo><dataqual><lineage><procstep><procdesc Sync="TRUE">Dataset copied.</procdesc><srcused Sync="TRUE">C:\DATA\New_Haven_Base\Data\to_project\Study_Area_polygon</srcused><date Sync="TRUE">20061025</date><time Sync="TRUE">11230800</time></procstep><procstep><procdesc Sync="TRUE">Dataset copied.</procdesc><srcused Sync="TRUE">C:\DATA\WORK\9.1 Workshops\08_Using_Raster_Data\Base\Using_Raster_Data\Data\Shapefile\Study_Area_polygon</srcused><date Sync="TRUE">20071002</date><time Sync="TRUE">09210400</time></procstep><procstep><procdesc Sync="TRUE">Dataset copied.</procdesc><srcused Sync="TRUE">C:\2007_GIS_Workshops\04-Raster_The_Other_GIS_Data\Copy04-Raster_The_Other_GIS_Data\Data\Shapefile\Study_Area_polygon</srcused><date Sync="TRUE">20071003</date><time Sync="TRUE">08314500</time></procstep></lineage></dataqual></metadata>
