<?xml version="1.0"?>
<!--<!DOCTYPE metadata SYSTEM "http://www.esri.com/metadata/esriprof80.dtd">-->
<metadata xml:lang="en"><Esri><CreaDate>20071003</CreaDate><CreaTime>08310600</CreaTime><SyncOnce>TRUE</SyncOnce><DataProperties><lineage><Process Name="Clip_1" ToolSource="C:\Program Files\ArcGIS\ArcToolbox\Toolboxes\Data Management Tools.tbx\Clip" Date="20071002" Time="152813">Clip 73940127.tif "672611.5 4574846.5 674530.5 4575937.5" C:\2007_GIS_Workshops\04-Raster_The_Other_GIS_Data\Copy04-Raster_The_Other_GIS_Data\Data\Imagery\Yale_NH_01.tif #</Process></lineage></DataProperties><MetaID>{972AD727-09C8-4798-ADD8-F9061B344465}</MetaID></Esri><idinfo><citation><citeinfo><onlink Sync="TRUE">\\MAP11\C$\2007_GIS_Workshops\04-Raster_The_Other_GIS_Data\04-Raster_The_Other_GIS_Data\Data\Imagery\Yale_NH_01.tif</onlink></citeinfo></citation></idinfo><distInfo><distributor><distorTran><onLineSrc><linkage Sync="TRUE">file://\\MAP11\C$\2007_GIS_Workshops\04-Raster_The_Other_GIS_Data\04-Raster_The_Other_GIS_Data\Data\Imagery\Yale_NH_01.tif</linkage><protocol Sync="TRUE">Local Area Network</protocol></onLineSrc></distorTran></distributor></distInfo><dataqual><lineage><procstep><procdesc Sync="TRUE">Dataset copied.</procdesc><srcused Sync="TRUE">C:\2007_GIS_Workshops\04-Raster_The_Other_GIS_Data\Copy04-Raster_The_Other_GIS_Data\Data\Imagery\Yale_NH_01.tif</srcused><date Sync="TRUE">20071003</date><time Sync="TRUE">08310600</time></procstep></lineage></dataqual></metadata>
